{"cameraMode":{"drawMode":0,"name":"Shaded","section":"Shading Mode"},"sceneLighting":true,"audioPlay":false,"sceneViewState":{"showFog":true,"showMaterialUpdate":true,"showSkybox":true,"showFlares":true,"showImageEffects":true,"showParticleSystems":true},"in2DMode":false,"pivot":{"x":61.63505172729492,"y":73.72947692871094,"z":76.7620849609375},"rotation":{"x":-0.1847725212574005,"y":-0.6430087685585022,"z":0.16389760375022889,"w":-0.7249389290809631},"size":3.777026653289795,"orthographic":false}