{"cameraMode":{"drawMode":0,"name":"Shaded","section":"Shading Mode"},"sceneLighting":true,"audioPlay":false,"sceneViewState":{"showFog":true,"showMaterialUpdate":true,"showSkybox":true,"showFlares":true,"showImageEffects":true,"showParticleSystems":true},"in2DMode":false,"pivot":{"x":100.11217498779297,"y":58.493690490722659,"z":21.782867431640626},"rotation":{"x":0.1454991102218628,"y":0.1594897210597992,"z":-0.023872535675764085,"w":0.9761266708374023},"size":3.777026653289795,"orthographic":false}