{"cameraMode":{"drawMode":0,"name":"Shaded","section":"Shading Mode"},"sceneLighting":true,"audioPlay":false,"sceneViewState":{"showFog":true,"showMaterialUpdate":true,"showSkybox":true,"showFlares":true,"showImageEffects":true,"showParticleSystems":true},"in2DMode":false,"pivot":{"x":49.824371337890628,"y":58.754146575927737,"z":-0.3523907959461212},"rotation":{"x":0.2970239222049713,"y":0.1075887605547905,"z":-0.03370805084705353,"w":0.948190450668335},"size":3.777026653289795,"orthographic":false}