{"cameraMode":{"drawMode":0,"name":"Shaded","section":"Shading Mode"},"sceneLighting":false,"audioPlay":false,"sceneViewState":{"showFog":true,"showMaterialUpdate":true,"showSkybox":true,"showFlares":true,"showImageEffects":true,"showParticleSystems":true},"in2DMode":false,"pivot":{"x":1.05999755859375,"y":0.009002685546875,"z":1.008000373840332},"rotation":{"x":0.2564852833747864,"y":-0.060845669358968738,"z":0.016179248690605165,"w":0.9644954204559326},"size":3.0202083587646486,"orthographic":false}