{"cameraMode":{"drawMode":0,"name":"Shaded","section":"Shading Mode"},"sceneLighting":false,"audioPlay":false,"sceneViewState":{"showFog":true,"showMaterialUpdate":true,"showSkybox":true,"showFlares":true,"showImageEffects":true,"showParticleSystems":true},"in2DMode":false,"pivot":{"x":4.262799263000488,"y":4.632415771484375,"z":2.6837902069091799},"rotation":{"x":-0.18174238502979279,"y":0.8128618001937866,"z":-0.3359454572200775,"w":-0.43973422050476076},"size":0.9157668948173523,"orthographic":false}