{"cameraMode":{"drawMode":0,"name":"Shaded","section":"Shading Mode"},"sceneLighting":true,"audioPlay":false,"sceneViewState":{"showFog":true,"showMaterialUpdate":true,"showSkybox":true,"showFlares":true,"showImageEffects":true,"showParticleSystems":true},"in2DMode":false,"pivot":{"x":91.14771270751953,"y":49.38539123535156,"z":34.361175537109378},"rotation":{"x":0.29947444796562197,"y":0.3841923475265503,"z":-0.13332723081111909,"w":0.863096296787262},"size":42.7288703918457,"orthographic":false}