{"cameraMode":{"drawMode":0,"name":"Shaded","section":"Shading Mode"},"sceneLighting":true,"audioPlay":false,"sceneViewState":{"showFog":true,"showMaterialUpdate":true,"showSkybox":true,"showFlares":true,"showImageEffects":true,"showParticleSystems":true},"in2DMode":false,"pivot":{"x":32.114620208740237,"y":91.8865737915039,"z":-12.747771263122559},"rotation":{"x":0.29964131116867068,"y":0.15303270518779756,"z":-0.048863790929317477,"w":0.9404299259185791},"size":3.777026653289795,"orthographic":false}