{"cameraMode":{"drawMode":0,"name":"Shaded","section":"Shading Mode"},"sceneLighting":true,"audioPlay":false,"sceneViewState":{"showFog":true,"showMaterialUpdate":true,"showSkybox":true,"showFlares":true,"showImageEffects":true,"showParticleSystems":true},"in2DMode":false,"pivot":{"x":81.32553100585938,"y":46.70610046386719,"z":72.46772766113281},"rotation":{"x":-0.2299867868423462,"y":0.6489647030830383,"z":-0.21538865566253663,"w":-0.6925017833709717},"size":29.004240036010743,"orthographic":false}