{"cameraMode":{"drawMode":0,"name":"Shaded","section":"Shading Mode"},"sceneLighting":true,"audioPlay":false,"sceneViewState":{"showFog":true,"showMaterialUpdate":true,"showSkybox":true,"showFlares":true,"showImageEffects":true,"showParticleSystems":true},"in2DMode":false,"pivot":{"x":67.52275848388672,"y":52.13249969482422,"z":95.8130874633789},"rotation":{"x":0.27571234107017519,"y":0.14552044868469239,"z":-0.04227262735366821,"w":0.9492205381393433},"size":39.767799377441409,"orthographic":false}