{"cameraMode":{"drawMode":0,"name":"Shaded","section":"Shading Mode"},"sceneLighting":false,"audioPlay":false,"sceneViewState":{"showFog":true,"showMaterialUpdate":true,"showSkybox":true,"showFlares":true,"showImageEffects":true,"showParticleSystems":true},"in2DMode":false,"pivot":{"x":22.127471923828126,"y":65.36051940917969,"z":9.354951858520508},"rotation":{"x":-0.2032434195280075,"y":-0.23642578721046449,"z":0.05066416785120964,"w":-0.9488035440444946},"size":2.8578836917877199,"orthographic":false}