{"cameraMode":{"drawMode":0,"name":"Shaded","section":"Shading Mode"},"sceneLighting":false,"audioPlay":false,"sceneViewState":{"showFog":true,"showMaterialUpdate":true,"showSkybox":true,"showFlares":true,"showImageEffects":true,"showParticleSystems":true},"in2DMode":false,"pivot":{"x":75.82850646972656,"y":45.00379943847656,"z":78.17220306396485},"rotation":{"x":-0.24620309472084046,"y":0.2815701365470886,"z":-0.07498075813055039,"w":-0.9243810176849365},"size":40.51055908203125,"orthographic":false}