{"cameraMode":{"drawMode":6,"name":"Overdraw","section":"Miscellaneous"},"sceneLighting":true,"audioPlay":false,"sceneViewState":{"showFog":true,"showMaterialUpdate":true,"showSkybox":true,"showFlares":true,"showImageEffects":true,"showParticleSystems":true},"in2DMode":false,"pivot":{"x":81.07649230957031,"y":55.22487258911133,"z":66.79946899414063},"rotation":{"x":0.23565641045570374,"y":-0.33963894844055178,"z":0.08830049633979798,"w":0.906264066696167},"size":32.96521759033203,"orthographic":false}