{"cameraMode":{"drawMode":0,"name":"Shaded","section":"Shading Mode"},"sceneLighting":true,"audioPlay":false,"sceneViewState":{"showFog":true,"showMaterialUpdate":true,"showSkybox":true,"showFlares":true,"showImageEffects":true,"showParticleSystems":true},"in2DMode":false,"pivot":{"x":95.76049041748047,"y":56.084407806396487,"z":54.306671142578128},"rotation":{"x":0.40010812878608706,"y":-0.005786048248410225,"z":0.0025186478160321714,"w":0.9164462089538574},"size":2.8578836917877199,"orthographic":false}