{"cameraMode":{"drawMode":0,"name":"Shaded","section":"Shading Mode"},"sceneLighting":true,"audioPlay":false,"sceneViewState":{"showFog":true,"showMaterialUpdate":true,"showSkybox":true,"showFlares":true,"showImageEffects":true,"showParticleSystems":true},"in2DMode":false,"pivot":{"x":45.869728088378909,"y":37.86314392089844,"z":133.24703979492188},"rotation":{"x":0.16141705214977265,"y":-0.08538879454135895,"z":0.014014337211847306,"w":0.9830853939056397},"size":66.01435852050781,"orthographic":false}