{"cameraMode":{"drawMode":0,"name":"Shaded","section":"Shading Mode"},"sceneLighting":true,"audioPlay":false,"sceneViewState":{"showFog":true,"showMaterialUpdate":true,"showSkybox":true,"showFlares":true,"showImageEffects":true,"showParticleSystems":true},"in2DMode":false,"pivot":{"x":51.11609649658203,"y":59.45018768310547,"z":43.50611114501953},"rotation":{"x":-0.00712753739207983,"y":0.983660101890564,"z":-0.1754203587770462,"w":-0.03987250477075577},"size":10.462882041931153,"orthographic":false}