{"cameraMode":{"drawMode":0,"name":"Shaded","section":"Shading Mode"},"sceneLighting":false,"audioPlay":false,"sceneViewState":{"showFog":true,"showMaterialUpdate":true,"showSkybox":true,"showFlares":true,"showImageEffects":true,"showParticleSystems":true},"in2DMode":false,"pivot":{"x":68.24777221679688,"y":-66.70039367675781,"z":181.49124145507813},"rotation":{"x":-0.4110594391822815,"y":-0.14942419528961183,"z":0.0685172975063324,"w":-0.8966649174690247},"size":200.23069763183595,"orthographic":false}