{"cameraMode":{"drawMode":0,"name":"Shaded","section":"Shading Mode"},"sceneLighting":true,"audioPlay":false,"sceneViewState":{"showFog":true,"showMaterialUpdate":true,"showSkybox":true,"showFlares":true,"showImageEffects":true,"showParticleSystems":true},"in2DMode":false,"pivot":{"x":93.35755920410156,"y":55.143367767333987,"z":56.09529495239258},"rotation":{"x":0.4225650131702423,"y":0.054549362510442737,"z":-0.025495028123259546,"w":0.9043302536010742},"size":2.8578836917877199,"orthographic":false}