{"cameraMode":{"drawMode":0,"name":"Shaded","section":"Shading Mode"},"sceneLighting":true,"audioPlay":false,"sceneViewState":{"showFog":true,"showMaterialUpdate":true,"showSkybox":true,"showFlares":true,"showImageEffects":true,"showParticleSystems":true},"in2DMode":false,"pivot":{"x":134.35060119628907,"y":51.06549072265625,"z":43.1893424987793},"rotation":{"x":0.028489990159869195,"y":0.9566052556037903,"z":-0.272000789642334,"w":0.10055045038461685},"size":40.010372161865237,"orthographic":false}