{"cameraMode":{"drawMode":0,"name":"Shaded","section":"Shading Mode"},"sceneLighting":true,"audioPlay":false,"sceneViewState":{"showFog":true,"showMaterialUpdate":true,"showSkybox":true,"showFlares":true,"showImageEffects":true,"showParticleSystems":true},"in2DMode":false,"pivot":{"x":29.733741760253908,"y":55.351768493652347,"z":30.558881759643556},"rotation":{"x":-0.16514429450035096,"y":0.2881999611854553,"z":-0.05043073743581772,"w":-0.9418730735778809},"size":40.010372161865237,"orthographic":false}