{"cameraMode":{"drawMode":0,"name":"Shaded","section":"Shading Mode"},"sceneLighting":true,"audioPlay":false,"sceneViewState":{"showFog":true,"showMaterialUpdate":true,"showSkybox":true,"showFlares":true,"showImageEffects":true,"showParticleSystems":true},"in2DMode":false,"pivot":{"x":101.94703674316406,"y":54.93402099609375,"z":10.845939636230469},"rotation":{"x":-0.34326720237731936,"y":-0.015454194508492947,"z":0.00566600076854229,"w":-0.9390936493873596},"size":10.462882041931153,"orthographic":false}