{"cameraMode":{"drawMode":0,"name":"Shaded","section":"Shading Mode"},"sceneLighting":true,"audioPlay":false,"sceneViewState":{"showFog":true,"showMaterialUpdate":true,"showSkybox":true,"showFlares":true,"showImageEffects":true,"showParticleSystems":true},"in2DMode":false,"pivot":{"x":68.35940551757813,"y":45.154747009277347,"z":32.28647994995117},"rotation":{"x":-0.23032361268997193,"y":-0.2893010079860687,"z":0.07193811982870102,"w":-0.92632657289505},"size":37.978248596191409,"orthographic":false}