{"cameraMode":{"drawMode":0,"name":"Shaded","section":"Shading Mode"},"sceneLighting":true,"audioPlay":false,"sceneViewState":{"showFog":true,"showMaterialUpdate":true,"showSkybox":true,"showFlares":true,"showImageEffects":true,"showParticleSystems":true},"in2DMode":false,"pivot":{"x":49.46692657470703,"y":74.56324768066406,"z":-4.439005374908447},"rotation":{"x":-0.2975793778896332,"y":-0.04405410587787628,"z":0.0138486223295331,"w":-0.9535796046257019},"size":3.777026653289795,"orthographic":false}