{"cameraMode":{"drawMode":0,"name":"Shaded","section":"Shading Mode"},"sceneLighting":false,"audioPlay":false,"sceneViewState":{"showFog":true,"showMaterialUpdate":true,"showSkybox":true,"showFlares":true,"showImageEffects":true,"showParticleSystems":true},"in2DMode":false,"pivot":{"x":1.5516884326934815,"y":1.0429216623306275,"z":1.1470813751220704},"rotation":{"x":-0.17022258043289185,"y":0.7426778078079224,"z":-0.20586706697940827,"w":-0.614062488079071},"size":0.9157668948173523,"orthographic":false}