{"cameraMode":{"drawMode":0,"name":"Shaded","section":"Shading Mode"},"sceneLighting":false,"audioPlay":false,"sceneViewState":{"showFog":true,"showMaterialUpdate":true,"showSkybox":true,"showFlares":true,"showImageEffects":true,"showParticleSystems":true},"in2DMode":false,"pivot":{"x":52.94852828979492,"y":75.98127746582031,"z":7.929933071136475},"rotation":{"x":0.36783990263938906,"y":-0.2420390099287033,"z":0.09975925832986832,"w":0.8922774791717529},"size":2.8578836917877199,"orthographic":false}