{"cameraMode":{"drawMode":0,"name":"Shaded","section":"Shading Mode"},"sceneLighting":true,"audioPlay":false,"sceneViewState":{"showFog":true,"showMaterialUpdate":true,"showSkybox":true,"showFlares":true,"showImageEffects":true,"showParticleSystems":true},"in2DMode":false,"pivot":{"x":103.29853057861328,"y":75.41724395751953,"z":71.36613464355469},"rotation":{"x":-0.2108486443758011,"y":0.6794756650924683,"z":-0.21403050422668458,"w":-0.6693628430366516},"size":4.041658401489258,"orthographic":false}